depth,fid_qiskit,fid_model,delta_f
9,0.803208496787366,0.11613933345466297,-0.6870691633327031
7,0.6203824909392699,0.8321126531814604,0.21173016224219054
7,0.8805408000000001,0.8840000000000001,0.0034591999999999956
7,0.672661402538464,0.8260912982571498,0.15342989571868582
11,0.8524553588614198,0.8646101730303999,0.012154814168980121
4,0.9724278665136701,0.9786704402655441,0.006242573751873981
8,0.6768161954631088,0.2960508428271618,-0.38076535263594696
4,0.8770951424000001,0.8770951424000001,0.0
5,0.5805586127225331,0.2646235536719876,-0.3159350590505455
6,0.24702393599999994,0.8743851959121491,0.6273612599121492
10,0.9763331993109134,0.974748563630442,-0.0015846356804714024
11,0.957775268837562,0.823228724756462,-0.1345465440811
7,0.9880638719999999,0.992016,0.00395212800000011
6,0.9400000000000001,0.9400000000000001,0.0
7,0.24702393600000006,0.2490000000000001,0.001976064000000055
8,0.2400000000000001,0.2400000000000001,0.0
11,0.980206787579904,0.29526034134467255,-0.6849464462352315
6,0.9400000000000001,0.9400000000000001,0.0
6,0.4312274800886704,0.826121643008,0.39489416291932955
7,0.764332368934302,0.8191799491758156,0.054847580241513594
7,0.9960000000000001,0.9960000000000001,0.0
9,0.5006644354211367,0.7969652881372771,0.2963008527161404
9,0.9179884582460404,0.9325747199999999,0.014586261753959495
10,0.9400000000000001,0.9400000000000001,0.0
7,0.9218047893428636,0.9290187622400001,0.007213972897136545
5,0.9880957439999999,0.996,0.00790425600000011
8,0.9880957439999994,0.830679936,-0.15741580799999944
8,0.911198809851273,0.8814143999999997,-0.029784409851273286
10,0.984143361024,0.9837878362561623,-0.0003555247678377338
7,0.6721280647486796,0.2984064000000004,-0.3737216647486792
9,0.6284615504609793,0.2850605374382083,-0.343401013022771
7,0.9217102445735119,0.9289241011200002,0.0072138565464883175
9,0.996,0.996,0.0
10,0.46515276455808297,0.9201911125169879,0.45503834795890497
9,0.9325100799999999,0.93624,0.003729920000000053
6,0.5859855519708008,0.8780423424000002,0.2920567904291994
8,0.988095744,0.996,0.007904255999999998
11,0.6426337334546562,0.19488587622400017,-0.4477478572306561
6,0.9841274890239997,0.4960159999999999,-0.4881114890239998
7,0.93632,0.93632,0.0
6,0.988095744,0.992032,0.003936256000000027
8,0.9181175701854921,0.92892410112,0.010806530934507896
11,0.9880957439999999,0.8306799359999998,-0.1574158080000001
5,0.612895002305134,0.8229650729790114,0.2100700706738774
5,0.6182672828453982,0.9289241011199999,0.3106568182746017
4,0.6286398859843083,0.9325100799999999,0.3038701940156916
5,0.6218564126270952,0.27628288000000045,-0.3455735326270948
11,0.2764034485903186,0.24720118980608036,-0.029202258784238266
11,0.5489207421423656,0.3787494533666345,-0.17017128877573112
4,0.93632,0.93632,0.0
5,0.08697845979058354,0.019919999999999997,-0.06705845979058354
8,0.6289608374948961,0.2949518354808675,-0.33400900201402856
6,4.761702400000012e-05,0.8746838272000002,0.8746362101760001
5,0.25000000000000006,0.8309012480000001,0.580901248
9,0.8111429115079157,0.7456304192965403,-0.06551249221137545
11,0.4204109389545582,0.27424506815414296,-0.14616587080041527
5,0.9251738070220802,0.9325747200000001,0.0074009129779198934
6,0.9400000000000001,0.9400000000000001,0.0
9,1.0,0.8340160000000001,-0.1659839999999999
11,0.19937382368792256,0.001,-0.19837382368792256
6,0.8702863024603137,0.8770951424000002,0.006808839939686506
7,0.93265472,0.9326547200000002,1.1102230246251565e-16
4,0.92904808448,0.9363199999999999,0.00727191551999995
5,0.6152452619188903,0.2762828800000004,-0.3389623819188899
6,0.992016,0.992016,0.0
6,0.0026989645080784984,9.471999999999999e-05,-0.0026042445080784985
10,0.8151215699010005,0.871046101015757,0.05592453111475648
6,0.62755359721443,0.28726400000000035,-0.3402895972144297
11,0.34025797113847206,0.8619102504932987,0.5216522793548266
7,0.03584294313775781,0.0374533888,0.0016104456622421937
7,0.864475775285071,0.9798670494068882,0.11539127412181716
10,0.9763331993109136,0.9920160000000001,0.015682800689086562
11,0.24702393599999992,0.8743912900608,0.6273673540608
11,0.8637493815863572,0.822246886055936,-0.04150249553042118
7,0.6510193590172227,0.8699757264213142,0.2189563674040914
10,0.194180810944874,0.24332628676757415,0.04914547582270015
6,0.6261506139147344,0.023665280000000007,-0.6024853339147344
10,0.6172598911667726,0.28194952348059127,-0.33531036768618133
11,0.015940797822938606,0.02162898092006256,0.005688183097123954
11,0.9880957439999999,0.996,0.00790425600000011
5,0.6219835358391089,0.27696000000000043,-0.3450235358391085
4,1.0,1.0,0.0
10,0.4017508141034326,0.8230444183879673,0.42129360428453466
8,0.691229731849409,0.8292239360000001,0.13799420415059116
9,0.9003868160835913,0.4772056355665478,-0.42318118051704345
6,0.9880638719999997,0.8777499135999997,-0.11031395840000002
9,0.00028681613991155425,0.01995521366372182,0.019668397523810267
6,0.6671998301468101,0.9959999999999998,0.3288001698531897
11,0.9400000000000001,0.9400000000000001,0.0
8,0.8610058227867698,0.8711984722157569,0.01019264942898701
6,0.6768161954631088,0.2976191488000003,-0.3791970466631085
6,0.988095744,0.8273705605120003,-0.1607251834879997
7,0.988095744,0.996,0.007904255999999998
10,0.20089917678155117,0.18462764824005024,-0.016271528541500935
10,0.596530885826264,0.8122405920472444,0.2157097062209804
8,0.9362400000000001,0.7792492891750399,-0.1569907108249602
4,0.9802225971118079,0.9786093101113329,-0.0016132870004750277
5,0.9841433610240002,0.9920160000000002,0.00787263897599999
9,0.5902437540825438,0.9959999999999998,0.40575624591745596
10,0.6720197803549326,0.3000000000000004,-0.3720197803549322
4,0.3995222903573632,0.7260218996856121,0.32649960932824895
8,0.6395901030237039,0.2557935591342083,-0.3837965438894956
5,0.996,0.8293652480000001,-0.16663475199999989
8,0.6197874927529008,0.8745301730304004,0.2547426802774996
8,0.8572442059730481,0.8498063763327811,-0.0074378296402669575
7,0.23726202112000008,0.77137143156736,0.5341094104473599
11,0.43846431689813387,0.8814143999999999,0.44295008310186607
11,0.92541189214208,0.93265472,0.0072428278579200756
6,0.9802225971118075,0.9920159999999997,0.011793402888192195
10,0.3652765694372583,0.6428176650862952,0.27754109564903695
10,0.9038592040571163,0.8778887424,-0.02597046165711625
9,0.988095744,0.996,0.007904255999999998
9,0.453066185236266,0.9325747199999996,0.4795085347637336
10,0.5150643966817376,0.25244389223807606,-0.2626205044436616
11,0.5900538456276757,0.9037106698941035,0.3136568242664278
4,0.6720197803549326,0.3000000000000004,-0.3720197803549322
7,0.25732595930118735,0.24544808030586251,-0.011877878995324831
5,0.9880957439999999,0.996,0.00790425600000011
6,0.6420105943974751,0.2865338880000003,-0.3554767063974748
6,0.9400000000000001,0.9400000000000001,0.0
6,0.9880957439999999,0.996,0.00790425600000011
8,0.24702393600000008,0.7149062110719673,0.4678822750719672
10,0.30797026118004805,0.5621688060546193,0.2541985448745712
9,0.9724278665136695,0.9841116165119994,0.011683749998329884
11,0.007645925176686754,0.23956106203139965,0.2319151368547129
9,0.8840000000000001,0.8840000000000001,0.0
8,0.0002380851200000006,0.10000000000000019,0.09976191488000019
5,0.9182265433660404,0.799536298525481,-0.11869024484055934
10,0.5344978814925468,0.44070719999999985,-0.09379068149254699
6,0.907295739527816,0.8902919516397727,-0.017003787888043242
11,0.34176145143304515,0.9110602831067858,0.5692988316737406
8,0.6714531514337102,0.2976127744000004,-0.3738403770337098
9,0.9254118921420802,0.9203205653024263,-0.005091326839653854
11,0.9400000000000001,0.9400000000000001,0.0
6,0.9880957439999999,0.996,0.00790425600000011
6,0.6644692579324122,0.29650472421673696,-0.3679645337156752
7,0.9880957439999999,0.9959999999999998,0.007904255999999887
10,0.992032,0.992032,0.0
4,0.9920319999999997,0.9920319999999997,0.0
9,0.8938956141888605,0.833459881621708,-0.06043573256715251
11,0.9841433610239999,0.992016,0.007872638976000101
10,0.9400000000000001,0.7850816000000002,-0.1549183999999999
5,0.25000000000000006,0.020049792243385597,-0.22995020775661446
8,0.049963409855651876,3.955955168803275e-36,-0.049963409855651876
7,0.9290480844800001,0.93632,0.00727191551999995
9,0.6395901030237038,0.2843290858685729,-0.35526101715513086
4,0.9654369766845307,0.8232287247564624,-0.1422082519280683
10,0.8317440000000003,0.8317440000000003,0.0
5,0.9362400000000001,0.9362400000000001,0.0
8,0.8601509688125468,0.8654860038177558,0.005335035005208932
10,0.5444979212090787,0.8347778913702614,0.2902799701611827
9,0.09685318174120919,0.0026821447145835117,-0.09417103702662567
7,0.9179884582460408,0.9325747200000004,0.014586261753959606
6,0.9290480844800002,0.93632,0.007271915519999839
7,0.9647106789650173,0.988047936,0.023337257034982684
5,1.0,0.8340160000000001,-0.1659839999999999
6,1.0,0.7850816000000002,-0.21491839999999984
9,0.004600478583821047,0.4475154277466518,0.44291494916283075
8,0.9724278665136699,0.9542596391618582,-0.018168227351811672
5,0.5872100026401044,0.2664960000000003,-0.3207140026401041
8,0.606624263960721,0.27560846848000037,-0.33101579548072063
9,0.5815104939645223,0.2658595072000004,-0.31565098676452186
6,0.48003860805236803,0.7360756495963118,0.25603704154394374
8,0.9841433610240002,0.9920160000000003,0.007872638976000101
11,0.06087420711876043,0.01183264,-0.04904156711876043
6,0.8736770500608,0.8736770500608,0.0
11,0.24702393600000006,0.02334507690718799,-0.22367885909281207
4,0.92533189214208,0.9325747200000001,0.0072428278579200756
7,0.5251776557543314,0.15715755048960042,-0.36802010526473095
7,0.8604837311780695,0.8738236612608,0.013339930082730489
6,0.9880957439999999,0.9959999999999998,0.007904255999999887
11,0.3516556968399358,0.8177016213105943,0.4660459244706585
10,0.5771858590798575,0.003968063999999997,-0.5732177950798575
6,0.9880957439999999,0.996,0.00790425600000011
5,0.9841433610240002,0.9841116165120001,-3.1744512000164704e-05
9,0.9920319999999997,0.9959999999999998,0.003968000000000083
5,0.6375623061923117,0.2858037524480004,-0.3517585537443113
11,0.9802225971118078,0.8056506031745532,-0.17457199393725464
4,0.9400000000000001,0.9400000000000001,0.0
5,0.3046669948905932,0.15074673247357034,-0.15392026241702284
11,0.5934647572497919,0.45790790512997187,-0.13555685211982
5,0.9179884582460404,0.9325747199999999,0.014586261753959495
4,0.9763331993109133,0.992016,0.015682800689086673
7,0.6649543115616706,0.2968223233024004,-0.36813198825927024
7,0.984143361024,0.992016,0.00787263897599999
5,0.6287313154165096,0.27696000000000043,-0.3517713154165092
9,0.6487078453980409,0.27216335951424314,-0.3765444858837978
4,0.9218920542057265,0.927551939153602,0.005659884947875504
7,0.18945405849121885,0.260719441535115,0.07126538304389615
9,0.9841433610239999,0.992016,0.007872638976000101
8,0.624421085443214,0.9920319999999998,0.36761091455678585
7,0.9183569177720807,0.9326694399999997,0.014312522227919011
11,0.4324452041862204,0.26311161753075196,-0.16933358665546844
6,0.21384226423129518,0.40749237302486024,0.19365010879356506
6,0.988095744,0.996,0.007904255999999998
8,0.9400000000000001,0.9400000000000001,0.0
8,0.9251738070220801,0.93257472,0.0074009129779198934
4,0.9400000000000001,0.9400000000000001,0.0
10,0.43718365690021055,0.9238417313969877,0.4866580744967771
7,0.9880957439999999,0.7991910348447191,-0.1889047091552808
11,0.9841433610239998,0.992016,0.007872638976000212
4,0.6152452619188904,0.8805408000000001,0.2652955380811097
5,0.9179884582460403,0.93257472,0.014586261753959717
4,0.9400000000000001,0.9400000000000001,0.0
10,0.9400000000000001,0.9400000000000001,0.0
6,0.9400000000000001,0.9400000000000001,0.0
5,0.6792434524285597,0.2984064000000003,-0.38083705242855936
4,0.984143361024,0.992016,0.00787263897599999
4,0.9216454293428638,0.9288594022400004,0.007213972897136656
7,0.6339000772648717,0.2857718804480002,-0.3481281968168715
6,0.6218564126270949,0.996,0.3741435873729051
8,0.0,0.01984064,0.01984064
11,0.6007120793912333,0.2833427390409015,-0.31736934035033176
9,0.3292336731709408,0.2771678959449948,-0.05206577722594602
10,0.12036068675066577,0.3107625502639938,0.19040186351332802
9,0.9400000000000001,0.9400000000000001,0.0
11,0.9880957439999999,0.8306799359999998,-0.1574158080000001
5,0.6719608511766513,0.2976127744000003,-0.374348076776651
7,0.9325747200000001,0.8260539310080004,-0.10652078899199968
6,0.21338834764831843,0.2918795868820264,0.07849123923370799
5,0.9400000000000001,0.9400000000000001,0.0
10,0.24,0.25000000000000006,0.010000000000000064
4,0.5878439752461095,0.2664960000000003,-0.32134797524610925
9,0.3487322430091263,0.3776614532185714,0.02892921020944511
10,0.9144388382370322,0.03427026107111002,-0.8801685771659222
10,0.3431337142291574,0.2761081600000002,-0.06702555422915718
10,0.6418973433304261,0.2865338880000003,-0.35536345533042585
7,0.9400000000000001,0.9400000000000001,0.0
7,0.988095744,0.9582442481255982,-0.029851495874401834
11,1.0,1.0,0.0
11,0.4319614276209667,0.28504758598041635,-0.14691384164055032
5,0.9685537763788042,0.9880479360000001,0.019494159621195828
4,0.9400000000000001,0.9400000000000001,0.0
9,0.8009483283142413,0.8633477840213141,0.062399455707072726
7,0.9290480844800001,0.93632,0.00727191551999995
7,0.5651399790690093,0.21526833536519607,-0.3498716437038132
8,0.996,0.830901248,-0.16509875200000002
11,0.9841433610240002,0.9920160000000002,0.00787263897599999
10,0.9400000000000001,0.9400000000000001,0.0
10,0.6601135416637849,0.49601599999999946,-0.16409754166378543
7,0.984143361024,0.9920160000000001,0.007872638976000101
10,0.7143425897817897,0.2740663722031516,-0.44027621757863805
6,0.9763331993109139,0.9880638720000001,0.01173067268908623
8,0.5231331623368588,0.770726326133629,0.2475931637967702
8,0.8588275673351273,0.8292975360000002,-0.029530031335127105
6,0.93632,0.93632,0.0
4,0.9763331993109136,0.992016,0.01568280068908645
4,0.9763331993109133,0.9880638719999999,0.011730672689086563
5,0.9880957439999999,0.996,0.00790425600000011
4,1.0,0.8340160000000001,-0.1659839999999999
4,0.988095744,0.996,0.007904255999999998
10,0.7633238089224427,0.8186126239880354,0.05528881506559269
11,0.22995360000000012,0.22995360000000006,-5.551115123125783e-17
11,0.6405469287176846,0.7821537331199999,0.14160680440231532
9,0.8635761150602522,0.8910550771494502,0.027478962089197978
8,0.35056782181915236,0.190030233981132,-0.16053758783802036
4,0.9400000000000001,0.9400000000000001,0.0
11,0.08413138469196395,0.019200000000000005,-0.06493138469196394
6,0.6990284163917815,0.8778887423999998,0.17886032600821833
9,0.6532643863009586,0.9746948728708875,0.3214304865699289
7,0.9763331993109139,0.9544112711330959,-0.021921928177818018
9,0.847136064261814,0.28014885518642346,-0.5669872090753905
8,0.9841433610240001,0.988063872,0.00392051097599988
9,0.988095744,0.996,0.007904255999999998
7,0.9802225971118079,0.9920159999999998,0.011793402888191862
10,0.996,0.830901248,-0.16509875200000002
4,0.9400000000000001,0.9400000000000001,0.0
4,0.8806144,0.8806144,0.0
8,0.996,0.996,0.0
10,0.16110626648289395,0.9786093101113328,0.8175030436284388
6,0.9880957440000002,0.9960000000000001,0.007904255999999887
7,0.9362400000000001,0.9362400000000001,0.0
6,0.9363200000000003,0.9363200000000003,0.0
10,0.35633350941546,0.26967049455727243,-0.08666301485818756
8,0.93632,0.93632,0.0
4,0.617935527147421,0.8293652480000003,0.21142972085257938
10,0.9400000000000001,0.9400000000000001,0.0
8,0.6133857003662425,0.2742731013419831,-0.3391125990242594
7,0.619552333853301,0.27541902848000044,-0.34413330537330056
8,0.6287313154165098,0.27696000000000043,-0.3517713154165094
8,0.8848,0.2568691200000004,-0.6279308799999996
5,0.9960000000000001,0.9960000000000001,0.0
5,0.9763331993109131,0.9880638719999999,0.011730672689086785
9,0.9290480844800002,0.9326694400000002,0.0036213555199999803
4,0.9880957439999999,0.9959999999999998,0.007904255999999887
11,0.9325747200000001,0.8260539310080003,-0.10652078899199979
9,0.9251738070220801,0.9325747200000001,0.0074009129779200045
9,0.8714192438198269,0.8233455383086058,-0.04807370551122114
11,0.06703638240731771,0.038292025628459105,-0.028744356778858608
6,0.996,0.830901248,-0.16509875200000002
5,0.9763331993109136,0.9782808483138693,0.0019476490029557425
6,0.996,0.996,0.0
10,0.6275583531087078,0.284975918246214,-0.3425824348624938
4,0.9880957439999999,0.992032,0.003936256000000138
4,0.9363200000000003,0.9363200000000003,0.0
4,1.0,1.0,0.0
6,0.2928687843055174,0.2748690522521603,-0.017999732053357087
6,0.9400000000000001,0.9400000000000001,0.0
11,0.12500000000000003,0.3920666590000024,0.26706665900000237
4,0.9960000000000001,0.9960000000000001,0.0
